"CustomerID","KMeans_Cluster","Hierarchical_Cluster"
"15695","1","1"
"15758","2","1"
"15380","4","2"
"13034","4","2"
"18222","2","1"
"16414","2","2"
"14861","2","1"
"13888","4","2"
"16940","4","3"
"17047","4","2"
"14553","4","2"
"16107","3","3"
"13630","4","3"
"13720","4","2"
"15099","2","1"
"16279","4","3"
"15834","4","2"
"14321","4","3"
"14785","2","1"
"18240","2","2"
"16406","2","1"
"14539","2","1"
"13077","4","2"
"13928","2","2"
"15865","4","2"
"15799","4","3"
"14798","4","2"
"13560","2","1"
"13758","4","3"
"16440","4","3"
"16723","2","1"
"17813","3","1"
"12553","3","3"
"12614","1","4"
"14129","4","3"
"15922","1","4"
"13121","1","4"
"14522","4","2"
"18150","4","2"
"17728","4","3"
"17941","1","2"
"16315","1","4"
"18168","4","4"
"12708","3","3"
"12685","3","1"
"12397","4","3"
"12732","1","4"
"16187","3","3"
"16153","4","3"
"15750","4","3"
"17714","1","4"
"13949","3","3"
"13344","4","3"
"16814","3","3"
"12821","1","4"
"18277","2","1"
"15186","4","2"
"17968","1","4"
"15232","2","1"
"13348","2","1"
"13707","1","4"
"15857","2","1"
"15529","3","3"
"14317","2","1"
"17749","1","4"
"16923","3","3"
"17789","1","4"
"13880","3","3"
"16753","2","1"
"14998","2","4"
"14396","4","2"
"17523","3","1"
"14964","1","4"
"13848","4","2"
"18181","2","1"
"13803","1","4"
"16641","2","1"
"14229","4","2"
"15456","1","4"
"15581","3","3"
"18129","1","4"
"17884","4","2"
"15424","1","1"
"13258","4","2"
"17628","2","1"
"13483","2","1"
"13670","2","1"
"12534","2","2"
"14570","1","1"
"15351","4","3"
"15709","1","4"
"13736","4","2"
"12747","3","3"
"17625","4","2"
"16208","4","2"
"15028","4","2"
"17948","1","2"
"13673","2","1"
"13675","4","4"
"18145","4","3"
"15749","3","2"
"14745","4","3"
"14502","3","3"
"17935","2","1"
"15194","3","3"
"15402","2","1"
"14790","4","3"
"18156","4","2"
"14810","3","3"
"12772","2","2"
"15754","4","2"
"16423","2","1"
"16563","2","2"
"12588","2","1"
"16759","2","1"
"16611","1","4"
"15376","4","2"
"16258","3","3"
"15251","3","3"
"17858","3","3"
"17071","3","3"
"14146","4","3"
"17744","4","3"
"15983","4","3"
"17125","2","1"
"16108","2","2"
"17594","4","2"
"13294","1","4"
"14326","1","4"
"14842","4","3"
"17124","1","4"
"16528","2","1"
"15671","3","3"
"16517","1","4"
"13037","4","2"
"17895","2","1"
"14484","2","1"
"12956","1","4"
"13897","2","1"
"15125","3","3"
"15498","3","3"
"16188","4","3"
"14981","1","4"
"16878","2","1"
"12937","4","3"
"16746","3","3"
"13806","2","1"
"14128","4","3"
"12578","4","3"
"12872","1","4"
"15837","2","1"
"14155","1","4"
"14475","4","2"
"13090","3","3"
"13404","4","2"
"14270","1","4"
"17548","1","4"
"14210","4","3"
"17242","4","2"
"16392","1","4"
"16617","1","4"
"12792","1","4"
"12688","4","2"
"16717","4","3"
"15433","1","4"
"13160","2","1"
"14953","2","1"
"12759","4","3"
"15175","2","1"
"13052","1","4"
"13634","4","2"
"17312","2","1"
"17069","3","3"
"16445","2","1"
"14312","4","3"
"15356","3","3"
"15458","2","1"
"15919","4","2"
"18179","4","3"
"13807","1","4"
"14031","3","3"
"15886","2","1"
"14666","2","1"
"13512","1","4"
"13350","2","2"
"13680","4","3"
"15739","2","2"
"16249","4","3"
"16266","2","1"
"14021","1","4"
"14286","4","3"
"17560","4","2"
"18127","2","1"
"13926","2","1"
"15172","4","3"
"16531","4","3"
"15360","2","1"
"14537","2","1"
"17621","4","2"
"13291","2","4"
"14051","3","3"
"15705","1","4"
"15820","1","4"
"18200","2","1"
"15225","1","4"
"16479","2","1"
"18203","1","4"
"14175","4","3"
"13398","1","4"
"15065","4","3"
"14164","3","2"
"17357","2","1"
"14669","4","4"
"14853","4","2"
"16593","4","2"
"14054","2","1"
"13772","4","2"
"12447","1","4"
"17078","2","1"
"13504","2","1"
"15513","3","3"
"15572","4","3"
"15290","3","3"
"15969","4","2"
"13248","2","4"
"18202","4","4"
"16671","4","2"
"14476","1","4"
"17567","3","3"
"13681","4","2"
"17892","2","1"
"15034","3","3"
"17836","2","1"
"15944","1","4"
"14198","4","2"
"15276","2","1"
"17760","4","2"
"17035","1","4"
"12834","1","4"
"15677","2","1"
"12521","2","2"
"12381","3","3"
"15022","2","1"
"13885","1","1"
"14819","2","2"
"12458","4","2"
"17526","4","2"
"12362","3","3"
"17521","4","2"
"17111","2","1"
"12569","3","3"
"17107","3","3"
"17176","1","4"
"14299","3","3"
"18019","2","1"
"13032","2","1"
"14338","2","1"
"13584","1","4"
"14525","3","3"
"17325","1","4"
"12598","3","3"
"16771","4","2"
"17854","1","4"
"15641","4","3"
"16018","4","2"
"17937","3","2"
"15655","1","4"
"13893","1","4"
"17081","2","1"
"17085","4","2"
"15562","1","4"
"12662","3","3"
"12990","4","2"
"14924","1","4"
"14776","3","3"
"18086","1","4"
"16603","2","1"
"14188","4","3"
"16678","3","3"
"16520","4","4"
"13877","2","1"
"14145","3","2"
"12356","4","3"
"12559","1","1"
"16915","4","2"
"17011","2","1"
"15676","4","3"
"14020","4","2"
"17183","3","1"
"14871","4","2"
"14624","2","1"
"16953","2","1"
"17076","4","2"
"12478","2","1"
"12354","1","4"
"13170","2","1"
"12665","1","4"
"15862","4","2"
"16950","4","2"
"15576","2","1"
"13831","4","3"
"15520","2","1"
"14534","3","3"
"16899","4","2"
"14961","3","3"
"14089","2","1"
"14741","4","3"
"17928","2","2"
"14723","4","2"
"14034","4","2"
"16092","4","2"
"17018","4","2"
"13229","1","4"
"13682","1","4"
"13889","2","1"
"12929","1","4"
"13493","1","1"
"15019","1","4"
"14527","3","3"
"15986","2","1"
"15033","3","3"
"13199","3","3"
"13778","2","1"
"16614","1","4"
"17219","2","1"
"14057","3","3"
"13533","2","4"
"14595","4","3"
"14920","1","1"
"14148","1","4"
"16551","4","2"
"13227","1","4"
"17115","4","2"
"15123","4","3"
"14567","4","2"
"16684","3","3"
"13403","2","1"
"14264","1","4"
"18283","3","3"
"13979","2","2"
"12686","1","4"
"17046","2","2"
"12642","4","2"
"12373","1","4"
"16063","1","4"
"17321","2","1"
"14698","3","1"
"15192","4","2"
"16076","3","3"
"15900","2","1"
"14147","4","2"
"14716","4","2"
"17795","1","4"
"15164","4","2"
"17524","1","4"
"14653","4","3"
"12826","4","3"
"13067","2","1"
"14572","4","3"
"14064","4","3"
"15206","4","2"
"16789","2","1"
"15759","1","4"
"12842","4","2"
"16728","4","2"
"18274","2","1"
"14239","3","3"
"13233","4","3"
"13990","1","4"
"12726","3","3"
"15394","4","3"
"14307","4","3"
"17338","3","3"
"14256","1","4"
"15193","2","1"
"13846","4","2"
"12735","1","1"
"17805","2","2"
"16292","2","1"
"14888","1","4"
"17084","3","3"
"14616","1","2"
"12494","4","3"
"16110","4","2"
"16985","3","3"
"14470","4","2"
"15730","4","2"
"16804","4","2"
"17230","3","3"
"13136","4","3"
"15236","1","4"
"14162","1","4"
"16113","1","4"
"16059","4","2"
"15246","1","4"
"18042","2","1"
"12514","1","4"
"12885","2","1"
"16168","3","3"
"15147","1","4"
"16716","1","2"
"13518","2","2"
"13230","3","3"
"14836","2","1"
"12407","4","3"
"17562","3","3"
"14395","3","3"
"16855","2","1"
"16998","1","2"
"12586","2","1"
"18270","4","2"
"18138","1","4"
"12718","2","1"
"16742","2","2"
"16362","2","1"
"15395","1","4"
"17406","1","1"
"12584","3","3"
"15738","3","3"
"15297","2","1"
"17410","4","3"
"17259","4","4"
"14589","1","4"
"16619","1","4"
"13437","3","3"
"15222","1","2"
"14314","2","1"
"16688","3","3"
"14132","3","3"
"14241","1","4"
"14473","4","2"
"17976","1","4"
"16404","2","1"
"14550","2","1"
"17431","1","4"
"13626","1","4"
"14300","2","1"
"13271","2","1"
"16474","3","3"
"14780","2","1"
"14012","1","4"
"13351","2","1"
"13686","1","4"
"16869","4","2"
"14341","3","3"
"16426","3","3"
"16081","4","3"
"12652","1","4"
"15891","1","4"
"13194","1","4"
"15866","2","1"
"17860","1","4"
"15355","2","1"
"14174","2","1"
"15917","1","4"
"15364","4","2"
"17146","4","2"
"16207","2","1"
"15243","2","1"
"17965","3","3"
"14416","2","2"
"17747","1","4"
"17973","2","1"
"12920","2","1"
"16493","4","3"
"12461","2","4"
"17921","4","2"
"12827","2","1"
"14205","4","2"
"15436","4","2"
"17863","4","3"
"16756","1","4"
"13162","4","3"
"12923","2","1"
"12643","3","2"
"17504","3","3"
"16401","3","3"
"16241","3","3"
"15070","1","4"
"17286","2","1"
"16400","2","1"
"12864","1","4"
"15447","1","4"
"16835","1","4"
"16204","2","1"
"14390","3","3"
"16096","1","4"
"14342","4","2"
"16767","3","3"
"16567","4","2"
"12615","4","3"
"17211","4","3"
"16943","1","4"
"13203","4","3"
"12442","2","1"
"17244","2","2"
"14436","2","1"
"18130","2","3"
"15457","1","4"
"13108","1","4"
"14849","3","3"
"16403","1","4"
"12883","2","1"
"12989","3","3"
"13316","3","2"
"14828","4","2"
"15421","4","2"
"18120","1","4"
"17636","2","1"
"17027","4","2"
"17440","1","4"
"13516","4","2"
"15620","4","3"
"13786","1","4"
"13558","2","1"
"18067","2","1"
"13484","1","4"
"16349","1","4"
"12925","4","2"
"14049","4","3"
"14193","4","2"
"15669","4","2"
"17551","1","4"
"14890","1","4"
"16011","3","3"
"18224","1","4"
"16895","2","1"
"17508","1","4"
"12594","3","3"
"12410","1","1"
"14040","3","3"
"15228","4","3"
"13246","4","3"
"13106","1","4"
"12936","2","3"
"13718","1","4"
"18094","3","3"
"14480","2","1"
"13754","4","4"
"14015","2","2"
"15303","1","4"
"15942","2","1"
"16145","3","3"
"15203","4","3"
"16986","3","2"
"16916","4","2"
"15258","1","4"
"16026","2","1"
"15089","3","3"
"16727","1","4"
"13144","1","4"
"15307","2","1"
"17119","2","2"
"16549","3","3"
"13473","4","2"
"15130","1","4"
"16904","3","3"
"15947","4","2"
"18221","4","3"
"16763","1","4"
"12997","4","3"
"16882","4","2"
"17591","4","3"
"14598","2","1"
"13593","4","3"
"16366","2","1"
"12432","3","3"
"14794","4","3"
"12445","2","1"
"16189","2","1"
"17138","1","4"
"17349","1","4"
"13515","4","2"
"13544","2","2"
"17507","1","4"
"14761","4","2"
"16495","4","2"
"12678","3","3"
"17936","2","1"
"14621","4","3"
"15320","2","1"
"16054","2","2"
"13173","4","2"
"13798","3","3"
"18005","2","1"
"15850","2","2"
"18161","4","3"
"14565","4","3"
"17580","1","4"
"16830","2","1"
"16833","4","2"
"13468","3","3"
"17608","2","1"
"13139","3","3"
"16710","3","3"
"12753","3","2"
"13552","3","3"
"15811","4","3"
"17614","2","1"
"14816","1","4"
"12704","3","3"
"13330","4","2"
"13458","3","3"
"13576","3","3"
"16765","1","4"
"16131","3","3"
"14350","1","4"
"15129","3","3"
"17324","4","3"
"14204","2","1"
"18210","4","3"
"16967","1","4"
"13003","2","4"
"16643","1","4"
"13731","1","1"
"17578","1","4"
"13391","1","4"
"17510","2","1"
"16685","2","1"
"16692","1","2"
"13492","4","4"
"18215","2","1"
"13827","2","1"
"12924","4","2"
"16351","1","4"
"16458","3","3"
"16841","4","3"
"14456","3","3"
"12757","3","3"
"16433","2","1"
"16616","4","2"
"18065","3","3"
"15506","4","2"
"12601","1","4"
"12908","4","2"
"16338","1","4"
"16499","1","1"
"13138","4","3"
"17695","2","1"
"12836","4","3"
"16893","1","4"
"16629","2","1"
"16708","2","1"
"16149","4","2"
"15899","1","4"
"14222","1","2"
"16211","2","1"
"13329","4","2"
"17472","4","4"
"14885","2","2"
"13030","4","2"
"13118","4","3"
"12658","2","1"
"17014","2","1"
"17188","4","3"
"17464","1","4"
"12452","2","1"
"14305","4","1"
"14912","4","2"
"15153","2","1"
"17394","1","4"
"12944","4","2"
"16097","1","4"
"16924","2","1"
"16282","1","4"
"13255","4","2"
"15517","1","4"
"17245","1","4"
"13419","2","1"
"15464","1","4"
"13379","4","2"
"13816","2","1"
"14180","3","3"
"15368","2","2"
"14141","4","2"
"18227","1","4"
"14662","4","2"
"14463","4","2"
"15766","2","1"
"17060","1","4"
"13591","4","2"
"16146","2","4"
"15073","4","2"
"15628","3","3"
"17356","1","4"
"14973","4","2"
"15940","1","4"
"17389","3","3"
"15111","4","3"
"14044","4","2"
"16271","4","3"
"14583","4","2"
"17739","4","3"
"15465","3","3"
"16897","1","1"
"13047","3","3"
"17829","1","4"
"13669","2","1"
"15287","2","2"
"12935","4","3"
"16668","4","2"
"17218","4","3"
"13396","4","2"
"16000","3","2"
"17787","4","3"
"16456","4","3"
"12971","3","3"
"14071","4","2"
"15275","2","2"
"13967","1","1"
"13269","3","3"
"12938","2","1"
"15830","2","2"
"16278","2","1"
"14158","2","2"
"14504","4","2"
"16356","1","4"
"12519","2","1"
"14772","2","1"
"12970","4","2"
"13477","4","3"
"14873","1","4"
"12651","1","4"
"14547","3","1"
"18043","4","2"
"13182","2","1"
"14587","4","2"
"18133","1","2"
"13867","4","2"
"13866","2","1"
"13810","2","1"
"17652","3","3"
"16480","2","2"
"14459","4","2"
"15149","2","1"
"15488","2","1"
"16007","4","2"
"15493","4","2"
"15951","4","2"
"17361","4","2"
"16402","1","4"
"12600","3","3"
"12592","4","2"
"14538","4","2"
"17569","1","4"
"17314","3","3"
"18010","1","4"
"17267","2","1"
"17735","3","3"
"15116","4","3"
"14966","2","1"
"14466","4","3"
"16162","1","4"
"14411","1","4"
"14102","3","1"
"12849","4","2"
"14032","3","3"
"13941","3","2"
"17891","2","4"
"16245","4","3"
"16205","4","2"
"13221","1","4"
"12779","3","3"
"18183","1","4"
"14507","4","3"
"16983","4","3"
"13235","1","4"
"14199","1","4"
"15215","2","1"
"14068","1","4"
"14238","1","4"
"17505","2","1"
"13791","3","2"
"13497","1","4"
"14245","1","4"
"13594","2","1"
"17765","2","4"
"15855","4","4"
"14704","3","3"
"15399","4","2"
"15755","4","3"
"14878","4","3"
"17663","4","3"
"16644","2","1"
"13695","3","3"
"14638","2","1"
"16898","4","2"
"13295","1","4"
"15615","3","3"
"15769","3","3"
"15596","4","3"
"12593","2","4"
"16851","2","1"
"17676","4","3"
"12660","2","1"
"14250","4","3"
"15036","2","1"
"16357","4","2"
"16179","2","1"
"13882","3","1"
"16542","2","1"
"12951","4","3"
"15783","2","1"
"13151","1","4"
"14298","3","3"
"17091","3","3"
"14974","2","1"
"16152","1","2"
"17630","1","4"
"17070","2","1"
"12703","2","1"
"17379","2","1"
"12948","4","3"
"15796","4","3"
"13434","2","2"
"17341","4","4"
"17350","3","1"
"15004","2","2"
"14984","2","1"
"15570","3","3"
"12355","1","4"
"13505","4","3"
"15518","4","3"
"13193","2","1"
"13562","4","3"
"16106","2","1"
"13784","3","3"
"17712","2","1"
"16527","2","1"
"12364","4","3"
"17685","4","3"
"17609","4","2"
"13643","4","2"
"12781","4","2"
"15128","4","3"
"12428","3","3"
"13517","4","3"
"12831","1","4"
"18170","4","2"
"17158","4","3"
"12953","2","1"
"17552","4","2"
"18139","3","1"
"17660","2","1"
"12547","1","4"
"12882","2","2"
"15734","4","2"
"15180","1","4"
"17291","1","2"
"14059","1","4"
"15068","4","2"
"17655","4","3"
"13787","4","2"
"15017","2","1"
"15093","3","2"
"12401","1","4"
"12621","3","3"
"13740","1","4"
"13568","1","4"
"15877","2","1"
"15610","2","1"
"16270","1","4"
"17839","2","1"
"18237","4","3"
"17643","1","4"
"13249","4","2"
"14354","2","1"
"12415","3","3"
"14111","4","2"
"18024","2","1"
"13212","2","1"
"12626","3","3"
"15644","2","4"
"14523","2","1"
"17372","4","2"
"17375","4","4"
"14739","3","2"
"14451","4","2"
"16036","4","3"
"14962","1","4"
"17234","1","4"
"15253","4","3"
"14334","4","3"
"15160","1","4"
"13207","2","2"
"12550","2","2"
"14408","3","3"
"16782","3","3"
"13216","1","4"
"13447","2","1"
"15776","2","1"
"12790","1","4"
"15187","3","3"
"13384","3","3"
"17849","1","4"
"14673","4","3"
"13002","1","4"
"12866","1","4"
"16573","4","2"
"17832","2","1"
"13232","4","2"
"16461","1","4"
"13430","4","2"
"16954","3","3"
"15090","1","4"
"16747","2","1"
"16921","2","1"
"12530","4","3"
"15261","2","1"
"15504","2","1"
"16116","1","4"
"16056","2","1"
"12818","1","2"
"13021","3","3"
"13808","3","3"
"12438","4","3"
"17120","1","4"
"17893","1","4"
"13253","4","2"
"13116","2","2"
"15306","4","2"
"17697","1","4"
"18088","2","1"
"13302","1","4"
"13832","2","1"
"17268","4","2"
"15785","4","3"
"18004","1","4"
"17252","2","1"
"12719","2","2"
"14808","3","3"
"13464","2","2"
"14687","2","2"
"16191","3","3"
"16657","4","2"
"17101","4","3"
"12468","4","4"
"13760","4","2"
"17528","3","1"
"12572","2","1"
"16931","3","3"
"14971","2","1"
"18059","2","1"
"16112","4","2"
"12607","4","2"
"15869","1","1"
"13592","2","2"
"13278","2","2"
"12770","1","2"
"12437","3","3"
"14016","4","3"
"14130","1","4"
"18056","1","4"
"18211","4","2"
"18212","1","4"
"14251","3","1"
"13725","4","3"
"17561","2","1"
"14609","4","2"
"15500","2","3"
"14665","4","3"
"15708","4","3"
"13782","4","2"
"17637","2","2"
"16824","4","2"
"13871","3","3"
"13635","2","2"
"17542","1","4"
"16313","2","1"
"12852","1","4"
"12347","3","3"
"14657","4","2"
"16647","2","4"
"18193","1","1"
"15347","1","4"
"13668","3","3"
"12612","2","1"
"14691","4","3"
"13722","4","3"
"15524","2","2"
"14178","3","3"
"16449","1","4"
"14702","3","3"
"12895","2","1"
"14692","4","4"
"16698","3","2"
"16159","1","4"
"18149","4","2"
"16023","4","2"
"13298","2","2"
"13347","2","1"
"15656","4","2"
"17223","1","4"
"15353","1","4"
"17604","1","4"
"17950","4","2"
"16376","2","1"
"14954","2","1"
"17425","2","1"
"17206","2","1"
"15372","4","2"
"14594","4","2"
"16033","3","3"
"17415","2","1"
"15721","2","1"
"13157","4","3"
"13420","2","4"
"17862","1","4"
"13452","1","2"
"13017","2","2"
"18041","3","3"
"12409","3","2"
"17629","4","3"
"18142","4","2"
"17384","4","2"
"15448","1","4"
"14038","4","3"
"13153","2","2"
"15010","2","1"
"13930","2","1"
"16017","2","1"
"17702","4","3"
"15589","1","1"
"17343","1","4"
"14561","4","3"
"12734","1","4"
"12879","2","2"
"18272","3","3"
"16872","4","2"
"18033","2","1"
"17412","4","3"
"12523","3","3"
"14481","4","4"
"17666","4","2"
"14529","2","1"
"16454","2","1"
"16718","1","4"
"15419","2","1"
"17247","2","1"
"17693","2","1"
"14731","4","1"
"15087","1","4"
"13307","1","4"
"18205","2","1"
"14022","1","4"
"16801","4","4"
"14670","1","1"
"16120","3","1"
"12981","4","1"
"13510","4","3"
"13061","2","1"
"12406","4","3"
"16990","1","2"
"16587","1","4"
"12535","4","2"
"17254","2","1"
"18006","2","1"
"14896","1","4"
"16784","2","1"
"16430","2","1"
"16200","4","2"
"13049","4","2"
"16574","2","1"
"13266","3","3"
"14462","3","3"
"13247","2","1"
"15462","2","4"
"16550","4","2"
"15554","1","4"
"17894","4","2"
"14759","4","3"
"14386","1","4"
"14474","2","1"
"16201","4","3"
"13948","1","4"
"15985","4","2"
"14591","4","2"
"15632","3","3"
"14850","1","4"
"16505","4","2"
"16638","3","3"
"13385","1","4"
"12901","3","3"
"14173","4","2"
"16745","3","3"
"18061","3","3"
"17491","3","3"
"16838","1","4"
"16101","4","2"
"17392","1","4"
"12394","4","2"
"12748","3","3"
"12402","1","4"
"17800","4","3"
"15584","4","2"
"17972","1","4"
"14672","1","4"
"13456","4","3"
"16654","4","2"
"16311","2","1"
"15675","4","2"
"17888","4","3"
"17768","4","3"
"12545","4","2"
"14661","2","1"
"16295","3","3"
"17456","1","4"
"15930","2","1"
"14620","1","4"
"13461","4","2"
"12596","4","2"
"16413","2","1"
"14212","4","2"
"14489","1","4"
"15716","4","2"
"15249","3","3"
"15330","2","2"
"13737","1","4"
"13358","1","4"
"14709","3","3"
"12453","2","2"
"16670","3","3"
"17519","4","3"
"14092","3","3"
"17317","3","2"
"13527","4","3"
"13349","2","1"
"18165","1","4"
"12522","2","1"
"13507","4","3"
"14220","1","4"
"12349","4","2"
"12388","4","3"
"18027","2","1"
"16987","4","3"
"17934","2","2"
"14332","4","2"
"15414","4","2"
"18058","2","1"
"14046","1","4"
"17538","2","1"
"15497","4","2"
"16380","4","2"
"16365","4","3"
"17746","1","4"
"12793","1","1"
"16583","1","4"
"17189","4","2"
"16871","4","3"
"16730","4","3"
"16244","4","2"
"16247","1","4"
"13570","1","4"
"16394","4","3"
"16217","1","4"
"17475","2","1"
"17449","4","3"
"14214","4","3"
"12965","2","1"
"14500","2","2"
"15839","4","2"
"15556","2","1"
"12346","3","2"
"16318","2","1"
"15807","2","1"
"18178","4","3"
"14450","4","4"
"14001","4","3"
"14789","2","1"
"16607","3","3"
"17648","4","3"
"16690","2","2"
"17362","1","4"
"14189","3","3"
"13706","1","4"
"12843","3","3"
"17644","3","3"
"17667","4","3"
"16103","4","3"
"18219","3","3"
"15327","2","1"
"17511","3","3"
"16775","4","3"
"14364","3","1"
"15136","4","3"
"17799","3","3"
"14784","4","2"
"17956","1","4"
"16468","2","1"
"17345","4","2"
"16852","2","2"
"12906","3","1"
"17397","2","1"
"14231","4","4"
"16655","4","3"
"12552","2","1"
"12811","1","1"
"13752","3","3"
"17154","2","1"
"16230","2","1"
"13388","2","1"
"14676","3","2"
"17105","4","4"
"16667","4","2"
"13503","2","1"
"14934","4","3"
"16260","2","2"
"17447","2","1"
"12778","4","3"
"13040","2","1"
"18242","4","3"
"16722","3","3"
"12591","1","4"
"16482","2","1"
"15214","3","3"
"16177","2","1"
"15237","4","3"
"18135","4","2"
"13973","1","4"
"16483","1","4"
"15289","4","3"
"16066","3","3"
"17134","4","2"
"17550","1","1"
"17730","3","3"
"15165","1","4"
"15762","2","1"
"14053","2","2"
"16504","2","1"
"13978","2","1"
"16735","4","3"
"12676","4","3"
"14978","4","2"
"13467","2","1"
"13858","2","1"
"12988","1","4"
"16561","2","2"
"16552","1","4"
"13815","4","3"
"14221","3","3"
"12863","2","2"
"14988","1","4"
"12539","4","3"
"17277","1","4"
"14077","4","2"
"15661","1","1"
"14754","4","2"
"15445","1","4"
"16253","4","3"
"13005","1","4"
"17929","4","2"
"16905","4","3"
"17727","2","2"
"13410","4","3"
"18154","2","1"
"16600","4","3"
"15660","4","3"
"14585","2","1"
"13862","3","3"
"15475","2","1"
"14578","2","1"
"18268","1","4"
"17194","1","4"
"15909","1","4"
"14036","1","4"
"17059","4","2"
"14348","1","4"
"13072","1","4"
"15460","1","4"
"16768","4","2"
"15822","4","2"
"13804","3","3"
"13292","4","2"
"15502","3","3"
"14632","1","4"
"15410","3","3"
"16834","1","4"
"17468","2","1"
"13209","3","3"
"17668","2","1"
"15071","4","2"
"13159","4","3"
"14820","4","2"
"12363","4","2"
"14625","4","4"
"14360","3","3"
"14465","1","4"
"15271","3","3"
"17385","2","1"
"15235","3","3"
"14412","2","1"
"12444","3","3"
"17669","3","3"
"13045","2","1"
"13460","2","1"
"13239","1","4"
"12881","1","4"
"12538","2","1"
"12454","4","2"
"14110","3","3"
"15035","2","1"
"12823","4","2"
"17033","4","2"
"17109","4","2"
"16982","2","1"
"15154","2","1"
"15801","2","1"
"13638","2","1"
"16515","4","3"
"16818","3","3"
"15150","3","3"
"12785","1","4"
"13282","4","2"
"12832","2","1"
"12700","4","3"
"15221","1","4"
"15643","1","4"
"13323","2","1"
"15681","4","3"
"15030","4","2"
"14009","1","1"
"14667","3","3"
"13220","4","2"
"13959","4","2"
"17975","3","3"
"13571","3","3"
"15314","1","4"
"16591","2","1"
"18048","1","4"
"13587","2","2"
"17262","4","2"
"15790","2","1"
"14383","4","3"
"14156","3","3"
"16877","4","2"
"12740","2","1"
"16500","4","2"
"15426","4","2"
"15553","2","1"
"17284","4","2"
"16979","4","3"
"12949","3","3"
"16582","2","4"
"17086","3","1"
"15332","1","1"
"15484","3","3"
"15266","1","4"
"16817","4","3"
"14098","2","1"
"14101","3","2"
"14226","4","3"
"16906","4","2"
"17650","2","1"
"15061","3","3"
"15321","4","3"
"18231","3","3"
"17186","2","2"
"13382","1","4"
"16960","4","2"
"13988","3","3"
"17985","2","1"
"18045","2","1"
"12492","2","1"
"16193","1","4"
"17703","4","2"
"13369","1","4"
"15937","2","1"
"16658","1","4"
"15157","4","3"
"15935","1","1"
"12902","1","4"
"15692","2","1"
"17597","4","2"
"18180","3","3"
"14108","2","2"
"17724","2","1"
"14177","2","1"
"14765","2","1"
"12613","4","3"
"15482","3","3"
"12524","3","3"
"17553","4","2"
"14946","2","1"
"14752","2","2"
"17761","2","2"
"17969","1","4"
"14697","1","1"
"13704","3","1"
"13890","3","3"
"16653","4","2"
"15994","2","1"
"14528","2","1"
"13109","4","2"
"16367","4","2"
"13863","1","4"
"14385","2","1"
"16084","1","4"
"12431","3","3"
"13428","2","1"
"12684","3","3"
"17679","3","2"
"12436","2","1"
"15535","2","4"
"15679","4","2"
"13328","1","2"
"16779","3","3"
"12714","4","3"
"15920","2","1"
"13436","2","1"
"15852","1","1"
"16424","1","4"
"15955","3","3"
"13911","3","3"
"15432","2","1"
"13359","2","1"
"13842","3","3"
"13309","4","3"
"15870","2","1"
"16031","4","2"
"12650","2","1"
"18235","4","3"
"13922","1","4"
"13414","4","2"
"15537","1","4"
"12875","4","2"
"14487","4","2"
"16609","3","3"
"15031","4","2"
"15945","1","4"
"13569","4","2"
"12565","1","4"
"14555","4","2"
"12633","4","3"
"14104","2","1"
"17190","4","2"
"18251","3","2"
"14211","3","3"
"15341","4","2"
"12611","4","2"
"14002","2","1"
"13370","1","4"
"17049","3","3"
"14452","2","1"
"14834","4","3"
"17556","1","4"
"16949","4","3"
"16432","2","1"
"15171","1","2"
"15091","2","1"
"12729","2","1"
"14292","3","3"
"15814","3","1"
"17522","4","3"
"16212","4","2"
"18226","3","3"
"16848","2","1"
"13244","2","1"
"17348","4","2"
"14619","1","4"
"13001","3","3"
"13304","1","4"
"13523","4","3"
"14530","4","3"
"13940","4","2"
"18146","2","4"
"17090","4","3"
"14606","3","3"
"15059","4","2"
"12787","4","2"
"16866","2","1"
"12749","4","3"
"12865","4","3"
"15318","2","1"
"17289","4","2"
"15025","2","1"
"16128","4","3"
"15417","2","1"
"14393","1","4"
"14113","4","2"
"17515","4","2"
"13531","1","4"
"12403","2","2"
"12377","1","4"
"14277","4","3"
"13801","2","1"
"13919","2","2"
"13491","4","3"
"15971","3","3"
"17388","4","2"
"17017","3","3"
"17865","3","3"
"15967","4","2"
"16595","2","1"
"14651","4","2"
"13984","4","2"
"12517","4","3"
"14719","4","2"
"16333","3","3"
"15442","1","2"
"14080","2","1"
